scientific_name,common_name,common_name_avibase8.17,scientific_name_avibase8.17,status_avibase8.17,order_avibase8.17,family_avibase8.17,region_avibase8.17,in_avibase8.17,AOU_bbs2024,common_name_bbs2024,order_bbs2024,family_bbs2024,scientific_name_bbs2024,in_bbs2024,common_name_clements2024,scientific_name_clements2024,region_clements2024,family_clements2024,order_clements2024,in_clements2024,scientific_name_orig,common_name_orig,region_origlist,order_origlist,family_origlist,origlist_dataentry_origlist,in_origlist,L1_ca.conus.data
Acanthis flammea [flammea Group/hornemanni/exilipes]; Carduelis flammea/hornemanni,Redpoll (Common/Hoary); unid. Common Redpoll/Hoary Redpoll,NA,NA,NA,NA,NA,NA,no,5275,unid. Common Redpoll / Hoary Redpoll,Passeriformes,Fringillidae,Carduelis flammea / hornemanni,yes,Redpoll (Common/Hoary),Acanthis flammea [flammea Group/hornemanni/exilipes],NA,"Fringillidae (Finches, Euphonias, and Allies)",Passeriformes,yes,Carduelis flammea / hornemanni,unid. Common Redpoll / Hoary Redpoll,CONUS & Canada,Passeriformes,Fringillidae,N/A; unidentified species,yes,yes
Acridotheres cristatellus,Crested Myna,Crested Myna,Acridotheres cristatellus,Extirpated,PASSERIFORMES,Sturnidae,ASI; CA; EUR; hol; NAM; nea; pal; SAM,yes,NA,NA,NA,NA,NA,no,Crested Myna,Acridotheres cristatellus,NA,Sturnidae (Starlings),Passeriformes,yes,NA,NA,NA,NA,NA,NA,no,yes
Aechmophorus occidentalis/clarkii,Western/Clark's Grebe; unid. Western Grebe/Clark's Grebe,NA,NA,NA,NA,NA,NA,no,12,unid. Western Grebe / Clark's Grebe,Podicipediformes,Podicipedidae,Aechmophorus occidentalis / clarkii,yes,Western/Clark's Grebe,Aechmophorus occidentalis/clarkii,NA,Podicipedidae (Grebes),Podicipediformes,yes,Aechmophorus occidentalis / clarkii,unid. Western Grebe / Clark's Grebe,CONUS & Canada,Podicipediformes,Podicipedidae,N/A; unidentified species,yes,yes
Aerospiza/Tachyspiza/Accipiter/Astur sp.; Accipiter sp.,Accipitrine hawk sp. (former Accipiter sp.); unid. Accipiter hawk,NA,NA,NA,NA,NA,NA,no,3333,unid. Accipiter hawk,Accipitriformes,Accipitridae,Accipiter sp.,yes,Accipitrine hawk sp. (former Accipiter sp.),Aerospiza/Tachyspiza/Accipiter/Astur sp.,NA,"Accipitridae (Hawks, Eagles, and Kites)",Accipitriformes,yes,Accipiter sp.,unid. Accipiter hawk,CONUS & Canada,Accipitriformes,Accipitridae,N/A; unidentified species,yes,yes
Agapornis roseicollis,Rosy-faced Lovebird,Rosy-faced Lovebird,Agapornis roseicollis,Introduced species,PSITTACIFORMES,Psittaculidae,AFR; hol; NAM; nea; US48,yes,NA,NA,NA,NA,NA,no,Rosy-faced Lovebird,Agapornis roseicollis,NA,Psittaculidae (Old World Parrots),Psittaciformes,yes,NA,NA,NA,NA,NA,NA,no,yes
Aix galericulata,Mandarin Duck,Mandarin Duck,Aix galericulata,Introduced species,ANSERIFORMES,Anatidae,AFR; ASI; EUR; hol; MID; NAM; nea; pal; US48; USak,yes,NA,NA,NA,NA,NA,no,Mandarin Duck,Aix galericulata,"wooded ponds, swamps, and streams of northeastern Asia from southeastern Siberia, Korean Peninsula, Japan, and eastern China","Anatidae (Ducks, Geese, and Waterfowl)",Anseriformes,yes,NA,NA,NA,NA,NA,NA,no,yes
Anas platyrhynchos x rubripes; Anas platyrhynchos x rubripes/diazi/fulvigula,Mallard x American Black Duck (hybrid); hybrid Mallard x Black/Mexican/Mottled Duck,NA,NA,NA,NA,NA,NA,no,1326,hybrid Mallard x Black / Mexican / Mottled Duck,Anseriformes,Anatidae,Anas platyrhynchos x rubripes / diazi / fulvigula,yes,Mallard x American Black Duck (hybrid),Anas platyrhynchos x rubripes,NA,"Anatidae (Ducks, Geese, and Waterfowl)",Anseriformes,yes,Anas platyrhynchos x rubripes / diazi / fulvigula,hybrid Mallard x Black / Mexican / Mottled Duck,CONUS & Canada,Anseriformes,Anatidae,N/A; hybrid species,yes,yes
Anhinga rufa,African Darter,African Darter,Anhinga rufa,Uncertain origin,SULIFORMES,Anhingidae,AFR; AUS; CAM; hol; MID; NAM; nea; OCE; pal; US48,yes,NA,NA,NA,NA,NA,no,African Darter,Anhinga rufa,NA,Anhingidae (Anhingas),Suliformes,yes,NA,NA,NA,NA,NA,NA,no,yes
Anser indicus,Bar-headed Goose,Bar-headed Goose,Anser indicus,Uncertain origin,ANSERIFORMES,Anatidae,AFR; ASI; CA; EUR; hol; MID; NAM; nea; pal,yes,NA,NA,NA,NA,NA,no,Bar-headed Goose,Anser indicus,alpine lakes in central Asia; winters to India and Myanmar,"Anatidae (Ducks, Geese, and Waterfowl)",Anseriformes,yes,NA,NA,NA,NA,NA,NA,no,yes
Anthropoides virgo,Demoiselle Crane,Demoiselle Crane,Anthropoides virgo,Uncertain origin,GRUIFORMES,Gruidae,AFR; ASI; CA; EUR; hol; MID; NAM; pal; US48; USak,yes,NA,NA,NA,NA,NA,no,Demoiselle Crane,Anthropoides virgo,Palearctic; winters in northeastern Africa and southern Asia,Gruidae (Cranes),Gruiformes,yes,NA,NA,NA,NA,NA,NA,no,yes
Aphelocoma californica/woodhouseii,California/Woodhouse's Scrub-Jay; unid. California Scrub-Jay/Woodhouse's Scrub-Jay,NA,NA,NA,NA,NA,NA,no,4810,unid. California Scrub-Jay / Woodhouse's Scrub-Jay,Passeriformes,Corvidae,Aphelocoma californica / woodhouseii,yes,California/Woodhouse's Scrub-Jay,Aphelocoma californica/woodhouseii,NA,"Corvidae (Crows, Jays, and Magpies)",Passeriformes,yes,Aphelocoma californica / woodhouseii,unid. California Scrub-Jay / Woodhouse's Scrub-Jay,CONUS & Canada,Passeriformes,Corvidae,N/A; unidentified species,yes,yes
Apus nipalensis,House Swift,House Swift,Apus nipalensis,Uncertain origin,APODIFORMES,Apodidae,ASI; AUS; CA; CAR; hol; NAM; nea; OCE,yes,NA,NA,NA,NA,NA,no,House Swift,Apus nipalensis,NA,Apodidae (Swifts),Apodiformes,yes,NA,NA,NA,NA,NA,NA,no,yes
Archilochus colubris/alexandri,Ruby-throated/Black-chinned Hummingbird; unid. Ruby-throated/Black-chinned Hummingbird,NA,NA,NA,NA,NA,NA,no,4295,unid. Ruby-throated / Black-chinned Hummingbird,Apodiformes,Trochilidae,Archilochus colubris / alexandri,yes,Ruby-throated/Black-chinned Hummingbird,Archilochus colubris/alexandri,NA,Trochilidae (Hummingbirds),Apodiformes,yes,Archilochus colubris / alexandri,unid. Ruby-throated / Black-chinned Hummingbird,CONUS & Canada,Apodiformes,Trochilidae,N/A; unidentified species,yes,yes
Ardea sp.; Ardeid sp.,Ardea sp.; unid. heron/egret,NA,NA,NA,NA,NA,NA,no,1945,unid. heron / egret,Pelecaniformes,Ardeidae,Ardeid sp.,yes,Ardea sp.,Ardea sp.,NA,"Ardeidae (Herons, Egrets, and Bitterns)",Pelecaniformes,yes,Ardeid sp.,unid. heron / egret,CONUS & Canada,Pelecaniformes,Ardeidae,N/A; unidentified species,yes,yes
Ardenna bulleri,Buller's Shearwater,Buller's Shearwater,Ardenna bulleri,Vulnerable,PROCELLARIIFORMES,Procellariidae,ASI; AUS; CA; CAM; EUR; hol; NAM; nea; OCE; opa; PAC; pal; SAM; US48; USak; UShi; XX,yes,NA,NA,NA,NA,NA,no,Buller's Shearwater,Ardenna bulleri,breeds islands off New Zealand; wide trans-Pacific dispersal,Procellariidae (Shearwaters and Petrels),Procellariiformes,yes,NA,NA,NA,NA,NA,NA,no,yes
Ardenna carneipes,Flesh-footed Shearwater,Flesh-footed Shearwater,Ardenna carneipes,Near-threatened,PROCELLARIIFORMES,Procellariidae,AFR; ASI; AUS; CA; CAM; EUR; hol; MID; NAM; nea; OCE; oin; opa; PAC; pal; SAM; US48; USak; UShi; XX,yes,NA,NA,NA,NA,NA,no,Flesh-footed Shearwater,Ardenna carneipes,southern Indian and southwestern Pacific Oceans; winters to Arabian Sea and northwestern Pacific,Procellariidae (Shearwaters and Petrels),Procellariiformes,yes,NA,NA,NA,NA,NA,NA,no,yes
Ardenna creatopus,Pink-footed Shearwater,Pink-footed Shearwater,Ardenna creatopus,Vulnerable,PROCELLARIIFORMES,Procellariidae,ASI; AUS; CA; CAM; hol; NAM; nea; OCE; opa; PAC; SAM; US48; USak; UShi; XX,yes,NA,NA,NA,NA,NA,no,Pink-footed Shearwater,Ardenna creatopus,Mocha and Juan Fernández islands off Chile; ranges to North Pacific,Procellariidae (Shearwaters and Petrels),Procellariiformes,yes,NA,NA,NA,NA,NA,NA,no,yes
Ardenna grisea,Sooty Shearwater,Sooty Shearwater,Ardenna grisea,Near-threatened,PROCELLARIIFORMES,Procellariidae,AFR; ASI; AUS; CA; CAM; CAR; EUR; hol; MID; NAM; nan; nea; oat; OCE; PAC; pal; SAM; TT; US48; USak; UShi; XX,yes,NA,NA,NA,NA,NA,no,Sooty Shearwater,Ardenna grisea,"breeds southern South America, New Zealand, and southeastern Australia; winters to North Pacific and North Atlantic",Procellariidae (Shearwaters and Petrels),Procellariiformes,yes,NA,NA,NA,NA,NA,NA,no,yes
Artemisiospiza nevadensis/belli,Sagebrush/Bell's Sparrow (Sage Sparrow); unid. Sagebrush Sparrow/Bell's Sparrow,NA,NA,NA,NA,NA,NA,no,5740,unid. Sagebrush Sparrow / Bell's Sparrow,Passeriformes,Passerellidae,Artemisiospiza nevadensis / belli,yes,Sagebrush/Bell's Sparrow (Sage Sparrow),Artemisiospiza nevadensis/belli,NA,Passerellidae (New World Sparrows),Passeriformes,yes,Artemisiospiza nevadensis / belli,unid. Sagebrush Sparrow / Bell's Sparrow,CONUS & Canada,Passeriformes,Passerellidae,N/A; unidentified species,yes,yes
Aythya marila/affinis,Greater/Lesser Scaup; unid. Greater Scaup/Lesser Scaup,NA,NA,NA,NA,NA,NA,no,1489,unid. Greater Scaup / Lesser Scaup,Anseriformes,Anatidae,Aythya marila / affinis,yes,Greater/Lesser Scaup,Aythya marila/affinis,NA,"Anatidae (Ducks, Geese, and Waterfowl)",Anseriformes,yes,Aythya marila / affinis,unid. Greater Scaup / Lesser Scaup,CONUS & Canada,Anseriformes,Anatidae,N/A; unidentified species,yes,yes
Baeolophus bicolor/atricristatus,Tufted/Black-crested Titmouse; unid. Tufted Titmouse/Black-crested Titmouse,NA,NA,NA,NA,NA,NA,no,7315,unid. Tufted Titmouse / Black-crested Titmouse,Passeriformes,Paridae,Baeolophus bicolor / atricristatus,yes,Tufted/Black-crested Titmouse,Baeolophus bicolor/atricristatus,NA,"Paridae (Tits, Chickadees, and Titmice)",Passeriformes,yes,Baeolophus bicolor / atricristatus,unid. Tufted Titmouse / Black-crested Titmouse,CONUS & Canada,Passeriformes,Paridae,N/A; unidentified species,yes,yes
Baeolophus inornatus/ridgwayi,Oak/Juniper Titmouse (Plain Titmouse); unid. Oak Titmouse/Juniper Titmouse,NA,NA,NA,NA,NA,NA,no,7332,unid. Oak Titmouse / Juniper Titmouse,Passeriformes,Paridae,Baeolophus inornatus / ridgwayi,yes,Oak/Juniper Titmouse (Plain Titmouse),Baeolophus inornatus/ridgwayi,NA,"Paridae (Tits, Chickadees, and Titmice)",Passeriformes,yes,Baeolophus inornatus / ridgwayi,unid. Oak Titmouse / Juniper Titmouse,CONUS & Canada,Passeriformes,Paridae,N/A; unidentified species,yes,yes
Bombycilla garrulus/cedrorum,Bohemian/Cedar Waxwing; unid. Cedar Waxwing/Bohemian Waxwing,NA,NA,NA,NA,NA,NA,no,6185,unid. Cedar Waxwing / Bohemian Waxwing,Passeriformes,Bombycillidae,Bombycilla garrulus / cedrorum,yes,Bohemian/Cedar Waxwing,Bombycilla garrulus/cedrorum,NA,Bombycillidae (Waxwings),Passeriformes,yes,Bombycilla garrulus / cedrorum,unid. Cedar Waxwing / Bohemian Waxwing,CONUS & Canada,Passeriformes,Bombycillidae,N/A; unidentified species,yes,yes
Brotogeris versicolurus,White-winged Parakeet,White-winged Parakeet,Brotogeris versicolurus,Introduced species,PSITTACIFORMES,Psittacidae,CAR; hol; NAM; nea; SAM; US48,yes,NA,NA,NA,NA,NA,no,White-winged Parakeet,Brotogeris versicolurus,lowlands of southeastern Colombia to eastern Peru and Amazonian Brazil,Psittacidae (New World and African Parrots),Psittaciformes,yes,NA,NA,NA,NA,NA,NA,no,yes
Brotogeris versicolurus/chiriri,White-winged/Yellow-chevroned Parakeet; unid. White-winged/Yellow-chevroned Parakeet,NA,NA,NA,NA,NA,NA,no,3827,unid. White-winged / Yellow-chevroned Parakeet,Psittaciformes,Psittacidae,Brotogeris versicolurus / chiriri,yes,White-winged/Yellow-chevroned Parakeet,Brotogeris versicolurus/chiriri,NA,Psittacidae (New World and African Parrots),Psittaciformes,yes,Brotogeris versicolurus / chiriri,unid. White-winged / Yellow-chevroned Parakeet,CONUS & Canada,Psittaciformes,Psittacidae,N/A; unidentified species,yes,yes
Bucephala clangula/islandica,Common/Barrow's Goldeneye; unid. Common Goldeneye/Barrow's Goldeneye,NA,NA,NA,NA,NA,NA,no,1512,unid. Common Goldeneye / Barrow's Goldeneye,Anseriformes,Anatidae,Bucephala clangula / islandica,yes,Common/Barrow's Goldeneye,Bucephala clangula/islandica,NA,"Anatidae (Ducks, Geese, and Waterfowl)",Anseriformes,yes,Bucephala clangula / islandica,unid. Common Goldeneye / Barrow's Goldeneye,CONUS & Canada,Anseriformes,Anatidae,N/A; unidentified species,yes,yes
Buteo sp.,Buteo sp.; unid. Buteo hawk,NA,NA,NA,NA,NA,NA,no,3451,unid. Buteo hawk,Accipitriformes,Accipitridae,Buteo sp.,yes,Buteo sp.,Buteo sp.,NA,"Accipitridae (Hawks, Eagles, and Kites)",Accipitriformes,yes,Buteo sp.,unid. Buteo hawk,CONUS & Canada,Accipitriformes,Accipitridae,N/A; unidentified species,yes,yes
Calidris sp.,Calidris sp.; unid. small ''peep'' sandpiper,NA,NA,NA,NA,NA,NA,no,2429,unid. small ''peep'' sandpiper,Charadriiformes,Scolopacidae,Calidris sp.,yes,Calidris sp.,Calidris sp.,NA,Scolopacidae (Sandpipers and Allies),Charadriiformes,yes,Calidris sp.,unid. small ''peep'' sandpiper,CONUS & Canada,Charadriiformes,Scolopacidae,N/A; unidentified species,yes,yes
Calidris tenuirostris,Great Knot,Great Knot,Calidris tenuirostris,Endangered,CHARADRIIFORMES,Scolopacidae,AFR; ASI; AUS; CA; EUR; hol; MID; NAM; nea; OCE; PAC; pal; US48; USak,yes,NA,NA,NA,NA,NA,no,Great Knot,Calidris tenuirostris,"northeastern Siberia; winters to India, southeastern Asia, Philippines, and Australia",Scolopacidae (Sandpipers and Allies),Charadriiformes,yes,NA,NA,NA,NA,NA,NA,no,yes
Cardellina rubra,Red Warbler,Red Warbler,Cardellina rubra,Uncertain origin,PASSERIFORMES,Parulidae,CAM; hol; NAM; nea; US48,yes,NA,NA,NA,NA,NA,no,Red Warbler,Cardellina rubra,NA,Parulidae (New World Warblers),Passeriformes,yes,Cardellina rubra,Red Warbler,Mexico,Passeriformes,Parulidae,NA,yes,yes
Cardinalis cardinalis/sinuatus,Northern Cardinal/Pyrrhuloxia; unid. Northern Cardinal/Pyrrhuloxia,NA,NA,NA,NA,NA,NA,no,5935,unid. Northern Cardinal / Pyrrhuloxia,Passeriformes,Cardinalidae,Cardinalis cardinalis / sinuatus,yes,Northern Cardinal/Pyrrhuloxia,Cardinalis cardinalis/sinuatus,NA,Cardinalidae (Cardinals and Allies),Passeriformes,yes,Cardinalis cardinalis / sinuatus,unid. Northern Cardinal / Pyrrhuloxia,CONUS & Canada,Passeriformes,Cardinalidae,N/A; unidentified species,yes,yes
Cathartes sp.; Coragyps/Cathartes atratus/aura,Cathartes sp.; unid. Black Vulture/Turkey Vulture,NA,NA,NA,NA,NA,NA,no,3255,unid. Black Vulture / Turkey Vulture,Cathartiformes,Cathartidae,Coragyps / Cathartes atratus / aura,yes,Cathartes sp.,Cathartes sp.,NA,Cathartidae (New World Vultures),Cathartiformes,yes,Coragyps / Cathartes atratus / aura,unid. Black Vulture / Turkey Vulture,CONUS & Canada,Cathartiformes,Cathartidae,N/A; unidentified species,yes,yes
Chloris chloris,European Greenfinch,European Greenfinch,Chloris chloris,Uncertain origin,PASSERIFORMES,Fringillidae,AFR; ASI; AUS; CA; EUR; hol; MID; NAM; nea; OCE; pal; SAM,yes,NA,NA,NA,NA,NA,no,European Greenfinch,Chloris chloris,NA,"Fringillidae (Finches, Euphonias, and Allies)",Passeriformes,yes,NA,NA,NA,NA,NA,NA,no,yes
Chloris sinica,Oriental Greenfinch,Oriental Greenfinch,Chloris sinica,Uncertain origin,PASSERIFORMES,Fringillidae,ASI; CA; hol; NAM; nea; pal; US48; USak,yes,NA,NA,NA,NA,NA,no,Oriental Greenfinch,Chloris sinica,NA,"Fringillidae (Finches, Euphonias, and Allies)",Passeriformes,yes,NA,NA,NA,NA,NA,NA,no,yes
Chordeiles minor/gundlachii,Common/Antillean Nighthawk; unid. Common Nighthawk/Antillean Nighthawk,NA,NA,NA,NA,NA,NA,no,4206,unid. Common Nighthawk / Antillean Nighthawk,Caprimulgiformes,Caprimulgidae,Chordeiles minor / gundlachii,yes,Common/Antillean Nighthawk,Chordeiles minor/gundlachii,NA,Caprimulgidae (Nightjars and Allies),Caprimulgiformes,yes,Chordeiles minor / gundlachii,unid. Common Nighthawk / Antillean Nighthawk,CONUS & Canada,Caprimulgiformes,Caprimulgidae,N/A; unidentified species,yes,yes
Chordeiles sp.; Chordeiles acutipennis/minor,nighthawk sp.; unid. Lesser Nighthawk/Common Nighthawk,NA,NA,NA,NA,NA,NA,no,4205,unid. Lesser Nighthawk / Common Nighthawk,Caprimulgiformes,Caprimulgidae,Chordeiles acutipennis / minor,yes,nighthawk sp.,Chordeiles sp.,NA,Caprimulgidae (Nightjars and Allies),Caprimulgiformes,yes,Chordeiles acutipennis / minor,unid. Lesser Nighthawk / Common Nighthawk,CONUS & Canada,Caprimulgiformes,Caprimulgidae,N/A; unidentified species,yes,yes
Coccyzus americanus/erythropthalmus,Yellow-billed/Black-billed Cuckoo; unid. Yellow-billed Cuckoo/Black-billed Cuckoo,NA,NA,NA,NA,NA,NA,no,3875,unid. Yellow-billed Cuckoo / Black-billed Cuckoo,Cuculiformes,Cuculidae,Coccyzus americanus / erythropthalmus,yes,Yellow-billed/Black-billed Cuckoo,Coccyzus americanus/erythropthalmus,NA,Cuculidae (Cuckoos),Cuculiformes,yes,Coccyzus americanus / erythropthalmus,unid. Yellow-billed Cuckoo / Black-billed Cuckoo,CONUS & Canada,Cuculiformes,Cuculidae,N/A; unidentified species,yes,yes
Corvus brachyrhynchos/ossifragus,American/Fish Crow; unid. American Crow/Fish Crow,NA,NA,NA,NA,NA,NA,no,4881,unid. American Crow / Fish Crow,Passeriformes,Corvidae,Corvus brachyrhynchos / ossifragus,yes,American/Fish Crow,Corvus brachyrhynchos/ossifragus,NA,"Corvidae (Crows, Jays, and Magpies)",Passeriformes,yes,Corvus brachyrhynchos / ossifragus,unid. American Crow / Fish Crow,CONUS & Canada,Passeriformes,Corvidae,N/A; unidentified species,yes,yes
Corvus cornix,Hooded Crow,Hooded Crow,Corvus cornix,Uncertain origin,PASSERIFORMES,Corvidae,AFR; ASI; EUR; hol; MID; NAM; nea; pal; US48,yes,NA,NA,NA,NA,NA,no,Hooded Crow,Corvus cornix,NA,"Corvidae (Crows, Jays, and Magpies)",Passeriformes,yes,NA,NA,NA,NA,NA,NA,no,yes
Corvus splendens,House Crow,House Crow,Corvus splendens,Introduced species,PASSERIFORMES,Corvidae,AFR; ASI; AUS; EUR; hol; MID; NAM; nan; nea; OCE; pal; SAM; US48,yes,NA,NA,NA,NA,NA,no,House Crow,Corvus splendens,NA,"Corvidae (Crows, Jays, and Magpies)",Passeriformes,yes,NA,NA,NA,NA,NA,NA,no,yes
Crithagra mozambica,Yellow-fronted Canary,Yellow-fronted Canary,Crithagra mozambica,Introduced species,PASSERIFORMES,Fringillidae,AFR; ASI; hol; NAM; nea; OCE; PAC; US48; UShi,yes,NA,NA,NA,NA,NA,no,Yellow-fronted Canary,Crithagra mozambica,NA,"Fringillidae (Finches, Euphonias, and Allies)",Passeriformes,yes,NA,NA,NA,NA,NA,NA,no,yes
Cyanocorax colliei; Calocitta colliei,Black-throated Magpie-Jay,Black-throated Magpie-Jay,Cyanocorax colliei,Introduced species,PASSERIFORMES,Corvidae,CAM; hol; NAM; nea; US48,yes,NA,NA,NA,NA,NA,no,Black-throated Magpie-Jay,Cyanocorax colliei,Pacific slope of northwestern Mexico (southeastern Sonora to Jalisco and Colima),"Corvidae (Crows, Jays, and Magpies)",Passeriformes,yes,Calocitta colliei,Black-throated Magpie-Jay,Mexico,Passeriformes,Corvidae,NA,yes,yes
Daptrius chimachima,Yellow-headed Caracara,Yellow-headed Caracara,Daptrius chimachima,Uncertain origin,FALCONIFORMES,Falconidae,CAM; CAR; hol; NAM; nan; nea; SAM; TT; US48,yes,NA,NA,NA,NA,NA,no,Yellow-headed Caracara,Daptrius chimachima,NA,Falconidae (Falcons and Caracaras),Falconiformes,yes,NA,NA,NA,NA,NA,NA,no,yes
Dendragapus obscurus/fuliginosus,Dusky/Sooty Grouse; unid. Dusky Grouse/Sooty Grouse,NA,NA,NA,NA,NA,NA,no,2973,unid. Dusky Grouse / Sooty Grouse,Galliformes,Phasianidae,Dendragapus obscurus / fuliginosus,yes,Dusky/Sooty Grouse,Dendragapus obscurus/fuliginosus,NA,"Phasianidae (Pheasants, Grouse, and Allies)",Galliformes,yes,Dendragapus obscurus / fuliginosus,unid. Dusky Grouse / Sooty Grouse,CONUS & Canada,Galliformes,Phasianidae,N/A; unidentified species,yes,yes
Egretta eulophotes,Chinese Egret,Chinese Egret,Egretta eulophotes,Vulnerable,PELECANIFORMES,Ardeidae,ASI; hol; NAM; nea; pal; USak; XX,yes,NA,NA,NA,NA,NA,no,Chinese Egret,Egretta eulophotes,"eastern Asia; winters to southeastern Asia, Philippines, and Indonesia","Ardeidae (Herons, Egrets, and Bitterns)",Pelecaniformes,yes,NA,NA,NA,NA,NA,NA,no,yes
Empidonax alnorum/traillii,Alder/Willow Flycatcher (Traill's Flycatcher); unid. Alder Flycatcher/Willow Flycatcher,NA,NA,NA,NA,NA,NA,no,4665,unid. Alder Flycatcher / Willow Flycatcher,Passeriformes,Tyrannidae,Empidonax alnorum / traillii,yes,Alder/Willow Flycatcher (Traill's Flycatcher),Empidonax alnorum/traillii,NA,Tyrannidae (Tyrant Flycatchers),Passeriformes,yes,Empidonax alnorum / traillii,unid. Alder Flycatcher / Willow Flycatcher,CONUS & Canada,Passeriformes,Tyrannidae,N/A; unidentified species,yes,yes
Empidonax difficilis difficilis,(Pacific-slope Flycatcher) Western Flycatcher,NA,NA,NA,NA,NA,NA,no,4641,(Pacific-slope Flycatcher) Western Flycatcher,Passeriformes,Tyrannidae,Empidonax difficilis difficilis,yes,NA,Empidonax difficilis difficilis,western North America (southeastern Alaska to northern Baja California); winters to southern Mexico,Tyrannidae (Tyrant Flycatchers),Passeriformes,yes,NA,NA,NA,NA,NA,NA,no,yes
Empidonax difficilis occidentalis,(Cordilleran Flycatcher) Western Flycatcher,NA,NA,NA,NA,NA,NA,no,4640,(Cordilleran Flycatcher) Western Flycatcher,Passeriformes,Tyrannidae,Empidonax difficilis occidentalis,yes,NA,Empidonax difficilis occidentalis,highlands of Mexico,Tyrannidae (Tyrant Flycatchers),Passeriformes,yes,NA,NA,NA,NA,NA,NA,no,yes
Empidonax hammondii/oberholseri,Hammond's/Dusky Flycatcher; unid. Hammond's Flycatcher/Dusky Flycatcher,NA,NA,NA,NA,NA,NA,no,4689,unid. Hammond's Flycatcher / Dusky Flycatcher,Passeriformes,Tyrannidae,Empidonax hammondii / oberholseri,yes,Hammond's/Dusky Flycatcher,Empidonax hammondii/oberholseri,NA,Tyrannidae (Tyrant Flycatchers),Passeriformes,yes,Empidonax hammondii / oberholseri,unid. Hammond's Flycatcher / Dusky Flycatcher,CONUS & Canada,Passeriformes,Tyrannidae,N/A; unidentified species,yes,yes
Empidonax sp.,Empidonax sp.; unid. Empidonax flycatcher,NA,NA,NA,NA,NA,NA,no,4679,unid. Empidonax flycatcher,Passeriformes,Tyrannidae,Empidonax sp.,yes,Empidonax sp.,Empidonax sp.,NA,Tyrannidae (Tyrant Flycatchers),Passeriformes,yes,Empidonax sp.,unid. Empidonax flycatcher,CONUS & Canada,Passeriformes,Tyrannidae,N/A; unidentified species,yes,yes
Fringilla coelebs,Common Chaffinch,Common Chaffinch,Fringilla coelebs,Uncertain origin,PASSERIFORMES,Fringillidae,AFR; ASI; AUS; CA; EUR; hol; MID; NAM; nea; OCE; pal; US48,yes,NA,NA,NA,NA,NA,no,Common Chaffinch,Fringilla coelebs,NA,"Fringillidae (Finches, Euphonias, and Allies)",Passeriformes,yes,NA,NA,NA,NA,NA,NA,no,yes
Gavia sp.,loon sp.; unid. loon,NA,NA,NA,NA,NA,NA,no,77,unid. loon,Gaviiformes,Gaviidae,Gavia sp.,yes,loon sp.,Gavia sp.,NA,Gaviidae (Loons),Gaviiformes,yes,Gavia sp.,unid. loon,CONUS & Canada,Gaviiformes,Gaviidae,N/A; unidentified species,yes,yes
Geranoaetus polyosoma,Variable Hawk,Variable Hawk,Geranoaetus polyosoma,Uncertain origin,ACCIPITRIFORMES,Accipitridae,hol; NAM; nea; SAM; US48,yes,NA,NA,NA,NA,NA,no,Variable Hawk,Geranoaetus polyosoma,NA,"Accipitridae (Hawks, Eagles, and Kites)",Accipitriformes,yes,NA,NA,NA,NA,NA,NA,no,yes
Gracula religiosa,Common Hill Myna,Common Hill Myna,Gracula religiosa,Introduced species,PASSERIFORMES,Sturnidae,ASI; AUS; CAR; hol; NAM; nan; nea; OCE; PAC; SAM; US48,yes,NA,NA,NA,NA,NA,no,Common Hill Myna,Gracula religiosa,NA,Sturnidae (Starlings),Passeriformes,yes,NA,NA,NA,NA,NA,NA,no,yes
Haemorhous sp.; Carpodacus purpureus/cassinii/mexicanus,Haemorhous sp.; unid. Purple Finch/Cassin's Finch/House Finch,NA,NA,NA,NA,NA,NA,no,5195,unid. Purple Finch / Cassin's Finch / House Finch,Passeriformes,Fringillidae,Carpodacus purpureus / cassinii / mexicanus,yes,Haemorhous sp.,Haemorhous sp.,NA,"Fringillidae (Finches, Euphonias, and Allies)",Passeriformes,yes,Carpodacus purpureus / cassinii / mexicanus,unid. Purple Finch / Cassin's Finch / House Finch,CONUS & Canada,Passeriformes,Fringillidae,N/A; unidentified species,yes,yes
Icterus bullockii x galbula,Bullock's x Baltimore Oriole (hybrid); hybrid Bullock's Oriole x Baltimore Oriole,NA,NA,NA,NA,NA,NA,no,5078,hybrid Bullock's Oriole x Baltimore Oriole,Passeriformes,Icteridae,Icterus bullockii x galbula,yes,Bullock's x Baltimore Oriole (hybrid),Icterus bullockii x galbula,NA,Icteridae (Troupials and Allies),Passeriformes,yes,Icterus bullockii x galbula,hybrid Bullock's Oriole x Baltimore Oriole,CONUS & Canada,Passeriformes,Icteridae,N/A; hybrid species,yes,yes
Icterus bullockii/galbula,Bullock's/Baltimore Oriole; unid. Bullock's Oriole/Baltimore Oriole,NA,NA,NA,NA,NA,NA,no,5077,unid. Bullock's Oriole / Baltimore Oriole,Passeriformes,Icteridae,Icterus bullockii / galbula,yes,Bullock's/Baltimore Oriole,Icterus bullockii/galbula,NA,Icteridae (Troupials and Allies),Passeriformes,yes,Icterus bullockii / galbula,unid. Bullock's Oriole / Baltimore Oriole,CONUS & Canada,Passeriformes,Icteridae,N/A; unidentified species,yes,yes
Larinae sp.; Gull sp.,gull sp.; unid. gull,NA,NA,NA,NA,NA,NA,no,534,unid. gull,Charadriiformes,Laridae,Gull sp.,yes,gull sp.,Larinae sp.,NA,"Laridae (Gulls, Terns, and Skimmers)",Charadriiformes,yes,Gull sp.,unid. gull,CONUS & Canada,Charadriiformes,Laridae,N/A; unidentified species,yes,yes
Larus occidentalis x glaucescens,Western x Glaucous-winged Gull (hybrid); hybrid Western Gull x Glaucous-winged Gull,NA,NA,NA,NA,NA,NA,no,495,hybrid Western Gull x Glaucous-winged Gull,Charadriiformes,Laridae,Larus occidentalis x glaucescens,yes,Western x Glaucous-winged Gull (hybrid),Larus occidentalis x glaucescens,NA,"Laridae (Gulls, Terns, and Skimmers)",Charadriiformes,yes,Larus occidentalis x glaucescens,hybrid Western Gull x Glaucous-winged Gull,CONUS & Canada,Charadriiformes,Laridae,N/A; hybrid species,yes,yes
Limnodromus griseus/scolopaceus,Short-billed/Long-billed Dowitcher; unid. Short-billed/Long-billed Dowitcher,NA,NA,NA,NA,NA,NA,no,2327,unid. Short-billed / Long-billed Dowitcher,Charadriiformes,Scolopacidae,Limnodromus griseus / scolopaceus,yes,Short-billed/Long-billed Dowitcher,Limnodromus griseus/scolopaceus,NA,Scolopacidae (Sandpipers and Allies),Charadriiformes,yes,Limnodromus griseus / scolopaceus,unid. Short-billed / Long-billed Dowitcher,CONUS & Canada,Charadriiformes,Scolopacidae,N/A; unidentified species,yes,yes
Lonchura atricapilla,Chestnut Munia,Chestnut Munia,Lonchura atricapilla,Introduced species,PASSERIFORMES,Estrildidae,ASI; AUS; CAM; CAR; EUR; hol; NAM; nea; OCE; PAC; pal; SAM; US48; UShi,yes,NA,NA,NA,NA,NA,no,Chestnut Munia,Lonchura atricapilla,NA,Estrildidae (Waxbills and Allies),Passeriformes,yes,NA,NA,NA,NA,NA,NA,no,yes
Lophura nycthemera,Silver Pheasant,Silver Pheasant,Lophura nycthemera,Introduced species,GALLIFORMES,Phasianidae,ASI; CA; hol; NAM; nea; SAM,yes,NA,NA,NA,NA,NA,no,Silver Pheasant,Lophura nycthemera,NA,"Phasianidae (Pheasants, Grouse, and Allies)",Galliformes,yes,NA,NA,NA,NA,NA,NA,no,yes
Loxia curvirostra/sinesciuris; Loxia sinesciuris/curvirostra,Red/Cassia Crossbill; Unid. Cassia Crossbill/Red Crossbill; unid. Cassia Crossbill/Red Crossbill,NA,NA,NA,NA,NA,NA,no,5212,unid. Cassia Crossbill / Red Crossbill,Passeriformes,Fringillidae,Loxia sinesciuris / curvirostra,yes,Red/Cassia Crossbill,Loxia curvirostra/sinesciuris,NA,"Fringillidae (Finches, Euphonias, and Allies)",Passeriformes,yes,Loxia sinesciuris / curvirostra,Unid. Cassia Crossbill / Red Crossbill,CONUS & Canada,Passeriformes,Fringillidae,N/A; unidentified species,yes,yes
Machetornis rixosa,Cattle Tyrant,Cattle Tyrant,Machetornis rixosa,Uncertain origin,PASSERIFORMES,Tyrannidae,CAM; hol; NAM; nan; nea; SAM; US48,yes,NA,NA,NA,NA,NA,no,Cattle Tyrant,Machetornis rixosa,NA,Tyrannidae (Tyrant Flycatchers),Passeriformes,yes,NA,NA,NA,NA,NA,NA,no,yes
Melanitta sp.,scoter sp.; unid. scoter,NA,NA,NA,NA,NA,NA,no,1657,unid. scoter,Anseriformes,Anatidae,Melanitta sp.,yes,scoter sp.,Melanitta sp.,NA,"Anatidae (Ducks, Geese, and Waterfowl)",Anseriformes,yes,Melanitta sp.,unid. scoter,CONUS & Canada,Anseriformes,Anatidae,N/A; unidentified species,yes,yes
Melopyrrha violacea,Greater Antillean Bullfinch,Greater Antillean Bullfinch,Melopyrrha violacea,Extirpated,PASSERIFORMES,Thraupidae,CAR; hol; NAM; nan; nea; US48,yes,NA,NA,NA,NA,NA,no,Greater Antillean Bullfinch,Melopyrrha violacea,NA,Thraupidae (Tanagers and Allies),Passeriformes,yes,NA,NA,NA,NA,NA,NA,no,yes
Milvus migrans,Black Kite,Black Kite,Milvus migrans,Uncertain origin,ACCIPITRIFORMES,Accipitridae,AFR; ASI; AUS; CA; CAR; EUR; hol; MID; NAM; nea; OCE; PAC; pal; SAM; TT; USak; UShi,yes,NA,NA,NA,NA,NA,no,Black Kite,Milvus migrans,NA,"Accipitridae (Hawks, Eagles, and Kites)",Accipitriformes,yes,NA,NA,NA,NA,NA,NA,no,yes
Molothrus aeneus/ater,Bronzed/Brown-headed Cowbird; unid. Bronzed Cowbird/Brown-headed Cowbird,NA,NA,NA,NA,NA,NA,no,4955,unid. Bronzed Cowbird / Brown-headed Cowbird,Passeriformes,Icteridae,Molothrus aeneus / ater,yes,Bronzed/Brown-headed Cowbird,Molothrus aeneus/ater,NA,Icteridae (Troupials and Allies),Passeriformes,yes,Molothrus aeneus / ater,unid. Bronzed Cowbird / Brown-headed Cowbird,CONUS & Canada,Passeriformes,Icteridae,N/A; unidentified species,yes,yes
Nannopterum auritum/brasilianum; Nannopterum brasilianum/auritum,Double-crested/Neotropic Cormorant; unid. Neotropic/Double-crested Cormorant,NA,NA,NA,NA,NA,NA,no,1205,unid. Neotropic / Double-crested Cormorant,Suliformes,Phalacrocoracidae,Nannopterum brasilianum / auritum,yes,Double-crested/Neotropic Cormorant,Nannopterum auritum/brasilianum,NA,Phalacrocoracidae (Cormorants and Shags),Suliformes,yes,Nannopterum brasilianum / auritum,unid. Neotropic / Double-crested Cormorant,CONUS & Canada,Suliformes,Phalacrocoracidae,N/A; unidentified species,yes,yes
Numenius borealis,Eskimo Curlew,Eskimo Curlew,Numenius borealis,Critically endangered (possibly extinct),CHARADRIIFORMES,Scolopacidae,ASI; CA; CAM; CAR; EUR; hol; NAM; nea; pal; SAM; TT; US48; USak,yes,NA,NA,NA,NA,NA,no,Eskimo Curlew,Numenius borealis,Canadian Arctic; winters to southern South America (probably extinct),Scolopacidae (Sandpipers and Allies),Charadriiformes,yes,NA,NA,NA,NA,NA,NA,no,yes
Nycticorax nycticorax/Nyctanassa violacea; Nycticorax/Nyctanassa nycticorax/violacea,Yellow-crowned/Black-crowned Night Heron; unid Black-crowned/Yellow-crowned Night-Heron,NA,NA,NA,NA,NA,NA,no,2035,unid Black-crowned / Yellow-crowned Night-Heron,Pelecaniformes,Ardeidae,Nycticorax / Nyctanassa nycticorax / violacea,yes,Yellow-crowned/Black-crowned Night Heron,Nycticorax nycticorax/Nyctanassa violacea,NA,"Ardeidae (Herons, Egrets, and Bitterns)",Pelecaniformes,yes,Nycticorax / Nyctanassa nycticorax / violacea,unid Black-crowned / Yellow-crowned Night-Heron,CONUS & Canada,Pelecaniformes,Ardeidae,N/A; unidentified species,yes,yes
Pagophila eburnea,Ivory Gull,Ivory Gull,Pagophila eburnea,Near-threatened,CHARADRIIFORMES,Laridae,ASI; CA; EUR; hol; NAM; nea; pal; US48; USak; XX,yes,390,Ivory Gull,Charadriiformes,Laridae,Pagophila eburnea,yes,Ivory Gull,Pagophila eburnea,Arctic circumpolar (mainly associated with ice pack),"Laridae (Gulls, Terns, and Skimmers)",Charadriiformes,yes,NA,NA,NA,NA,NA,NA,no,yes
Paroaria capitata,Yellow-billed Cardinal,Yellow-billed Cardinal,Paroaria capitata,Introduced species,PASSERIFORMES,Thraupidae,hol; NAM; nea; SAM; US48; UShi,yes,NA,NA,NA,NA,NA,no,Yellow-billed Cardinal,Paroaria capitata,NA,Thraupidae (Tanagers and Allies),Passeriformes,yes,NA,NA,NA,NA,NA,NA,no,yes
Parus major,Great Tit,Great Tit,Parus major,Uncertain origin,PASSERIFORMES,Paridae,AFR; ASI; EUR; hol; MID; NAM; pal; US48,yes,NA,NA,NA,NA,NA,no,Great Tit,Parus major,NA,"Paridae (Tits, Chickadees, and Titmice)",Passeriformes,yes,NA,NA,NA,NA,NA,NA,no,yes
Passerina amoena x cyanea,Lazuli x Indigo Bunting (hybrid); hybrid Lazuli Bunting x Indigo Bunting,NA,NA,NA,NA,NA,NA,no,5986,hybrid Lazuli Bunting x Indigo Bunting,Passeriformes,Cardinalidae,Passerina amoena x cyanea,yes,Lazuli x Indigo Bunting (hybrid),Passerina amoena x cyanea,NA,Cardinalidae (Cardinals and Allies),Passeriformes,yes,Passerina amoena x cyanea,hybrid Lazuli Bunting x Indigo Bunting,CONUS & Canada,Passeriformes,Cardinalidae,N/A; hybrid species,yes,yes
Pelecanus rufescens,Pink-backed Pelican,Pink-backed Pelican,Pelecanus rufescens,Uncertain origin,PELECANIFORMES,Pelecanidae,AFR; ASI; EUR; hol; MID; NAM; nea; pal; US48,yes,NA,NA,NA,NA,NA,no,Pink-backed Pelican,Pelecanus rufescens,locally in sub-Saharan Africa and Madagascar,Pelecanidae (Pelicans),Pelecaniformes,yes,NA,NA,NA,NA,NA,NA,no,yes
Petrochelidon pyrrhonota/fulva,Cliff/Cave Swallow; unid. Cave Swallow/Cliff Swallow,NA,NA,NA,NA,NA,NA,no,6122,unid. Cave Swallow / Cliff Swallow,Passeriformes,Hirundinidae,Petrochelidon pyrrhonota / fulva,yes,Cliff/Cave Swallow,Petrochelidon pyrrhonota/fulva,NA,Hirundinidae (Swallows),Passeriformes,yes,Petrochelidon pyrrhonota / fulva,unid. Cave Swallow / Cliff Swallow,CONUS & Canada,Passeriformes,Hirundinidae,N/A; unidentified species,yes,yes
Phasianus versicolor,Green Pheasant,Green Pheasant,Phasianus versicolor,Extirpated,GALLIFORMES,Phasianidae,ASI; hol; NAM; nea; OCE; PAC; US48; UShi,yes,NA,NA,NA,NA,NA,no,Green Pheasant,Phasianus versicolor,NA,"Phasianidae (Pheasants, Grouse, and Allies)",Galliformes,yes,NA,NA,NA,NA,NA,NA,no,yes
Phoebastria immutabilis,Laysan Albatross,Laysan Albatross,Phoebastria immutabilis,Near-threatened,PROCELLARIIFORMES,Diomedeidae,AFR; ASI; AUS; CA; CAM; hol; NAM; nea; OCE; opa; PAC; pal; US48; USak; UShi; XX,yes,NA,NA,NA,NA,NA,no,Laysan Albatross,Phoebastria immutabilis,breeds western Hawaiian and Revillagigedo islands; ranges North Pacific,Diomedeidae (Albatrosses),Procellariiformes,yes,NA,NA,NA,NA,NA,NA,no,yes
Phoebastria nigripes,Black-footed Albatross,Black-footed Albatross,Phoebastria nigripes,Near-threatened,PROCELLARIIFORMES,Diomedeidae,ASI; AUS; CA; CAM; hol; NAM; nea; OCE; opa; PAC; pal; SAM; US48; USak; UShi; XX,yes,NA,NA,NA,NA,NA,no,Black-footed Albatross,Phoebastria nigripes,"western Hawaiian Islands, and Izu, Bonin, and southern Ryukyu islands (southern Japan)",Diomedeidae (Albatrosses),Procellariiformes,yes,NA,NA,NA,NA,NA,NA,no,yes
Phoebetria palpebrata,Light-mantled Albatross,Light-mantled Albatross,Phoebetria palpebrata,Near-threatened,PROCELLARIIFORMES,Diomedeidae,AFR; ASI; AUS; hol; NAM; nea; OCE; PAC; SAM; US48; XX,yes,NA,NA,NA,NA,NA,no,Light-mantled Albatross,Phoebetria palpebrata,circumpolar subantarctic islands; ranges north to 35°S,Diomedeidae (Albatrosses),Procellariiformes,yes,NA,NA,NA,NA,NA,NA,no,yes
Picidae sp.; Woodpecker sp.,woodpecker sp.; unid. woodpecker,NA,NA,NA,NA,NA,NA,no,3920,unid. woodpecker,Piciformes,Picidae,Woodpecker sp.,yes,woodpecker sp.,Picidae sp.,NA,Picidae (Woodpeckers),Piciformes,yes,Woodpecker sp.,unid. woodpecker,CONUS & Canada,Piciformes,Picidae,NA,yes,yes
Pipilo maculatus/erythrophthalmus,Spotted/Eastern Towhee (Rufous-sided Towhee); unid. Spotted Towhee/Eastern Towhee,NA,NA,NA,NA,NA,NA,no,5871,unid. Spotted Towhee / Eastern Towhee,Passeriformes,Passerellidae,Pipilo maculatus / erythrophthalmus,yes,Spotted/Eastern Towhee (Rufous-sided Towhee),Pipilo maculatus/erythrophthalmus,NA,Passerellidae (New World Sparrows),Passeriformes,yes,Pipilo maculatus / erythrophthalmus,unid. Spotted Towhee / Eastern Towhee,CONUS & Canada,Passeriformes,Passerellidae,N/A; unidentified species,yes,yes
Plegadis falcinellus/chihi,Glossy/White-faced Ibis; unid. Glossy Ibis/White-faced Ibis,NA,NA,NA,NA,NA,NA,no,1861,unid. Glossy Ibis / White-faced Ibis,Pelecaniformes,Threskiornithidae,Plegadis falcinellus / chihi,yes,Glossy/White-faced Ibis,Plegadis falcinellus/chihi,NA,Threskiornithidae (Ibises and Spoonbills),Pelecaniformes,yes,Plegadis falcinellus / chihi,unid. Glossy Ibis / White-faced Ibis,CONUS & Canada,Pelecaniformes,Threskiornithidae,N/A; unidentified species,yes,yes
Poecile atricapillus/gambeli,Black-capped/Mountain Chickadee; unid. Black-capped Chickadee/Mountain Chickadee,NA,NA,NA,NA,NA,NA,no,7353,unid. Black-capped Chickadee / Mountain Chickadee,Passeriformes,Paridae,Poecile atricapillus / gambeli,yes,Black-capped/Mountain Chickadee,Poecile atricapillus/gambeli,NA,"Paridae (Tits, Chickadees, and Titmice)",Passeriformes,yes,Poecile atricapillus / gambeli,unid. Black-capped Chickadee / Mountain Chickadee,CONUS & Canada,Passeriformes,Paridae,N/A; unidentified species,yes,yes
Poecile carolinensis/atricapillus,Carolina/Black-capped Chickadee; unid. Carolina Chickadee/Black-capped Chickadee,NA,NA,NA,NA,NA,NA,no,7352,unid. Carolina Chickadee / Black-capped Chickadee,Passeriformes,Paridae,Poecile carolinensis / atricapillus,yes,Carolina/Black-capped Chickadee,Poecile carolinensis/atricapillus,NA,"Paridae (Tits, Chickadees, and Titmice)",Passeriformes,yes,Poecile carolinensis / atricapillus,unid. Carolina Chickadee / Black-capped Chickadee,CONUS & Canada,Passeriformes,Paridae,N/A; unidentified species,yes,yes
Poecile sp.,chickadee sp.; unid. western chickadee species,NA,NA,NA,NA,NA,NA,no,7351,unid. western chickadee species,Passeriformes,Paridae,Poecile sp.,yes,chickadee sp.,Poecile sp.,NA,"Paridae (Tits, Chickadees, and Titmice)",Passeriformes,yes,Poecile sp.,unid. western chickadee species,CONUS & Canada,Passeriformes,Paridae,N/A; unidentified species,yes,yes
Psittacara erythrogenys,Red-masked Parakeet,Red-masked Parakeet,Psittacara erythrogenys,Introduced species Near-threatened,PSITTACIFORMES,Psittacidae,CAR; hol; NAM; nea; pal; SAM; US48; UShi,yes,NA,NA,NA,NA,NA,no,Red-masked Parakeet,Psittacara erythrogenys,arid littoral of western Ecuador and northwestern Peru,Psittacidae (New World and African Parrots),Psittaciformes,yes,NA,NA,NA,NA,NA,NA,no,yes
Psittacara mitratus,Mitred Parakeet,Mitred Parakeet,Psittacara mitratus,Introduced species,PSITTACIFORMES,Psittacidae,hol; NAM; nea; SAM; US48; UShi,yes,NA,NA,NA,NA,NA,no,Mitred Parakeet,Psittacara mitratus,NA,Psittacidae (New World and African Parrots),Psittaciformes,yes,NA,NA,NA,NA,NA,NA,no,yes
Pterodroma hasitata,Black-capped Petrel,Black-capped Petrel,Pterodroma hasitata,Endangered,PROCELLARIIFORMES,Procellariidae,AFR; CA; CAM; CAR; EUR; hol; NAM; nan; nea; OCE; PAC; pal; SAM; US48; XX,yes,NA,NA,NA,NA,NA,no,Black-capped Petrel,Pterodroma hasitata,NA,Procellariidae (Shearwaters and Petrels),Procellariiformes,yes,NA,NA,NA,NA,NA,NA,no,yes
Pycnonotus cafer,Red-vented Bulbul,Red-vented Bulbul,Pycnonotus cafer,Introduced species,PASSERIFORMES,Pycnonotidae,ASI; AUS; hol; MID; NAM; nea; OCE; PAC; pal; US48; UShi,yes,NA,NA,NA,NA,NA,no,Red-vented Bulbul,Pycnonotus cafer,NA,Pycnonotidae (Bulbuls),Passeriformes,yes,NA,NA,NA,NA,NA,NA,no,yes
Pycnonotus jocosus,Red-whiskered Bulbul,Red-whiskered Bulbul,Pycnonotus jocosus,Introduced species,PASSERIFORMES,Pycnonotidae,AFR; ASI; AUS; hol; MID; NAM; OCE; PAC; pal; US48; UShi,yes,NA,NA,NA,NA,NA,no,Red-whiskered Bulbul,Pycnonotus jocosus,NA,Pycnonotidae (Bulbuls),Passeriformes,yes,NA,NA,NA,NA,NA,NA,no,yes
Quiscalus major/mexicanus,Boat-tailed/Great-tailed Grackle; unid. Boat-tailed Grackle/Great-tailed Grackle,NA,NA,NA,NA,NA,NA,no,5135,unid. Boat-tailed Grackle / Great-tailed Grackle,Passeriformes,Icteridae,Quiscalus major / mexicanus,yes,Boat-tailed/Great-tailed Grackle,Quiscalus major/mexicanus,NA,Icteridae (Troupials and Allies),Passeriformes,yes,Quiscalus major / mexicanus,unid. Boat-tailed Grackle / Great-tailed Grackle,CONUS & Canada,Passeriformes,Icteridae,N/A; unidentified species,yes,yes
Rallus elegans/crepitans; Rallus crepitans/elegans,King/Clapper Rail; unid. Clapper/King Rail,NA,NA,NA,NA,NA,NA,no,2090,unid. Clapper / King Rail,Gruiformes,Rallidae,Rallus crepitans / elegans,yes,King/Clapper Rail,Rallus elegans/crepitans,NA,"Rallidae (Rails, Gallinules, and Coots)",Gruiformes,yes,Rallus crepitans / elegans,unid. Clapper / King Rail,CONUS & Canada,Gruiformes,Rallidae,N/A; unidentified species,yes,yes
Selasphorus rufus/sasin,Rufous/Allen's Hummingbird; unid. Rufous Hummingbird/Allen's Hummingbird,NA,NA,NA,NA,NA,NA,no,4335,unid. Rufous Hummingbird / Allen's Hummingbird,Apodiformes,Trochilidae,Selasphorus rufus / sasin,yes,Rufous/Allen's Hummingbird,Selasphorus rufus/sasin,NA,Trochilidae (Hummingbirds),Apodiformes,yes,Selasphorus rufus / sasin,unid. Rufous Hummingbird / Allen's Hummingbird,CONUS & Canada,Apodiformes,Trochilidae,N/A; unidentified species,yes,yes
Setophaga townsendi x occidentalis,Townsend's x Hermit Warbler (hybrid); hybrid Townsend's Warbler x Hermit Warbler,NA,NA,NA,NA,NA,NA,no,6686,hybrid Townsend's Warbler x Hermit Warbler,Passeriformes,Parulidae,Setophaga townsendi x occidentalis,yes,Townsend's x Hermit Warbler (hybrid),Setophaga townsendi x occidentalis,NA,Parulidae (New World Warblers),Passeriformes,yes,Setophaga townsendi x occidentalis,hybrid Townsend's Warbler x Hermit Warbler,CONUS & Canada,Passeriformes,Parulidae,N/A; hybrid species,yes,yes
Setophaga townsendi/occidentalis,Townsend's/Hermit Warbler; unid. Townsend's Warbler/Hermit Warbler,NA,NA,NA,NA,NA,NA,no,6685,unid. Townsend's Warbler / Hermit Warbler,Passeriformes,Parulidae,Setophaga townsendi / occidentalis,yes,Townsend's/Hermit Warbler,Setophaga townsendi/occidentalis,NA,Parulidae (New World Warblers),Passeriformes,yes,Setophaga townsendi / occidentalis,unid. Townsend's Warbler / Hermit Warbler,CONUS & Canada,Passeriformes,Parulidae,N/A; unidentified species,yes,yes
Sphyrapicus sp.,sapsucker sp.; unid. sapsucker,NA,NA,NA,NA,NA,NA,no,4022,unid. sapsucker,Piciformes,Picidae,Sphyrapicus sp.,yes,sapsucker sp.,Sphyrapicus sp.,NA,Picidae (Woodpeckers),Piciformes,yes,Sphyrapicus sp.,unid. sapsucker,CONUS & Canada,Piciformes,Picidae,NA; no interactions from BOW bc incorporated into species above,yes,yes
Spinus spinus,Eurasian Siskin,Eurasian Siskin,Spinus spinus,Uncertain origin,PASSERIFORMES,Fringillidae,AFR; ASI; CA; EUR; hol; MID; NAM; nea; pal; US48; USak,yes,NA,NA,NA,NA,NA,no,Eurasian Siskin,Spinus spinus,"northern Palearctic; winters Mediterranean region, China, and Ryukyu Islands (southern Japan)","Fringillidae (Finches, Euphonias, and Allies)",Passeriformes,yes,NA,NA,NA,NA,NA,NA,no,yes
Spodiopsar cineraceus,White-cheeked Starling,White-cheeked Starling,Spodiopsar cineraceus,Uncertain origin,PASSERIFORMES,Sturnidae,ASI; CA; hol; NAM; nea; OCE; PAC; pal; USak,yes,NA,NA,NA,NA,NA,no,White-cheeked Starling,Spodiopsar cineraceus,northeastern Asia; winters in southern China and Philippines,Sturnidae (Starlings),Passeriformes,yes,NA,NA,NA,NA,NA,NA,no,yes
Sporophila bouvronides,Lesson's Seedeater,Lesson's Seedeater,Sporophila bouvronides,Uncertain origin,PASSERIFORMES,Thraupidae,CA; CAM; hol; NAM; nan; nea; SAM; TT,yes,NA,NA,NA,NA,NA,no,Lesson's Seedeater,Sporophila bouvronides,NA,Thraupidae (Tanagers and Allies),Passeriformes,yes,NA,NA,NA,NA,NA,NA,no,yes
Sporophila torqueola,Cinnamon-rumped Seedeater,Cinnamon-rumped Seedeater,Sporophila torqueola,Introduced species,PASSERIFORMES,Thraupidae,CAM; hol; NAM; nea; US48,yes,NA,NA,NA,NA,NA,no,Cinnamon-rumped Seedeater,Sporophila torqueola,NA,Thraupidae (Tanagers and Allies),Passeriformes,yes,Sporophila torqueola,Cinnamon-rumped Seedeater,Mexico,Passeriformes,Thraupidae,NA,yes,yes
Sterninae sp.; Tern sp.,tern sp.; unid. tern,NA,NA,NA,NA,NA,NA,no,634,unid. tern,Charadriiformes,Laridae,Tern sp.,yes,tern sp.,Sterninae sp.,NA,"Laridae (Gulls, Terns, and Skimmers)",Charadriiformes,yes,Tern sp.,unid. tern,CONUS & Canada,Charadriiformes,Laridae,N/A; unidentified species,yes,yes
Sturnella sp.,Sturnella meadowlark sp.; unid. Meadowlark,NA,NA,NA,NA,NA,NA,no,5012,unid. Meadowlark,Passeriformes,Icteridae,Sturnella sp.,yes,Sturnella meadowlark sp.,Sturnella sp.,NA,Icteridae (Troupials and Allies),Passeriformes,yes,Sturnella sp.,unid. Meadowlark,CONUS & Canada,Passeriformes,Icteridae,NA,yes,yes
Synthliboramphus scrippsi,Scripps's Murrelet,Scripps's Murrelet,Synthliboramphus scrippsi,Vulnerable,CHARADRIIFORMES,Alcidae,CA; CAM; hol; NAM; nea; US48; USak,yes,NA,NA,NA,NA,NA,no,Scripps's Murrelet,Synthliboramphus scrippsi,Channel Islands and islands off western coast of Baja California,"Alcidae (Auks, Murres, and Puffins)",Charadriiformes,yes,Synthliboramphus scrippsi,Scripps's Murrelet,Mexico,Charadriiformes,Alcidae,NA,yes,yes
Tadorna ferruginea,Ruddy Shelduck,Ruddy Shelduck,Tadorna ferruginea,Uncertain origin,ANSERIFORMES,Anatidae,AFR; ASI; CA; EUR; hol; MID; NAM; nea; pal,yes,NA,NA,NA,NA,NA,no,Ruddy Shelduck,Tadorna ferruginea,"breeds Iberian Peninsula and Mediterranean northern Africa eastward through southern Russia to eastern China and in the south through Türkiye to Tibetan Plateau including Ladakh; winters to Ethiopia, southern India, and southeastern Asia; introduced in central Europe and the Canary Islands, and appears frequently elsewhere","Anatidae (Ducks, Geese, and Waterfowl)",Anseriformes,yes,NA,NA,NA,NA,NA,NA,no,yes
Threskiornis aethiopicus,African Sacred Ibis,African Sacred Ibis,Threskiornis aethiopicus,Introduced species,PELECANIFORMES,Threskiornithidae,AFR; ASI; AUS; EUR; hol; MID; NAM; nea; OCE; pal; US48,yes,NA,NA,NA,NA,NA,no,African Sacred Ibis,Threskiornis aethiopicus,sub-Saharan Africa and southeastern Iraq; formerly Egypt,Threskiornithidae (Ibises and Spoonbills),Pelecaniformes,yes,NA,NA,NA,NA,NA,NA,no,yes
Toxostoma cinereum,Gray Thrasher,Gray Thrasher,Toxostoma cinereum,Uncertain origin,PASSERIFORMES,Mimidae,CAM; hol; NAM; nea; US48,yes,NA,NA,NA,NA,NA,no,Gray Thrasher,Toxostoma cinereum,NA,Mimidae (Mockingbirds and Thrashers),Passeriformes,yes,Toxostoma cinereum,Gray Thrasher,Mexico,Passeriformes,Mimidae,NA,yes,yes
Tringa flavipes/melanoleuca; Tringa melanoleuca/flavipes,Lesser/Greater Yellowlegs; unid. Greater Yellowlegs/Lesser Yellowlegs,NA,NA,NA,NA,NA,NA,no,2555,unid. Greater Yellowlegs / Lesser Yellowlegs,Charadriiformes,Scolopacidae,Tringa melanoleuca / flavipes,yes,Lesser/Greater Yellowlegs,Tringa flavipes/melanoleuca,NA,Scolopacidae (Sandpipers and Allies),Charadriiformes,yes,Tringa melanoleuca / flavipes,unid. Greater Yellowlegs / Lesser Yellowlegs,CONUS & Canada,Charadriiformes,Scolopacidae,N/A; unidentified species,yes,yes
Trochilidae sp.; Trochilid sp.,hummingbird sp.; unid. hummingbird,NA,NA,NA,NA,NA,NA,no,4402,unid. hummingbird,Apodiformes,Trochilidae,Trochilid sp.,yes,hummingbird sp.,Trochilidae sp.,NA,Trochilidae (Hummingbirds),Apodiformes,yes,Trochilid sp.,unid. hummingbird,CONUS & Canada,Apodiformes,Trochilidae,N/A; unidentified species,yes,yes
Troglodytes pacificus/hiemalis,Pacific/Winter Wren; unid. Pacific Wren/Winter Wren,NA,NA,NA,NA,NA,NA,no,7220,unid. Pacific Wren / Winter Wren,Passeriformes,Troglodytidae,Troglodytes pacificus / hiemalis,yes,Pacific/Winter Wren,Troglodytes pacificus/hiemalis,NA,Troglodytidae (Wrens),Passeriformes,yes,Troglodytes pacificus / hiemalis,unid. Pacific Wren / Winter Wren,CONUS & Canada,Passeriformes,Troglodytidae,N/A; unidentified species,yes,yes
Turdus eunomus,Dusky Thrush,Dusky Thrush,Turdus eunomus,Rare/Accidental,PASSERIFORMES,Turdidae,ASI; CA; EUR; hol; MID; NAM; nea; OCE; PAC; pal; US48; USak,yes,7614,Dusky Thrush,Passeriformes,Turdidae,Turdus eunomus,yes,Dusky Thrush,Turdus eunomus,"northern Siberia to Kamchatka; winters to Japan, southern China, and Myanmar",Turdidae (Thrushes and Allies),Passeriformes,yes,NA,NA,NA,NA,NA,NA,no,yes
Tyrannus melancholicus/couchii,Tropical/Couch's Kingbird; unid. Tropical Kingbird/Couch's Kingbird,NA,NA,NA,NA,NA,NA,no,4462,unid. Tropical Kingbird / Couch's Kingbird,Passeriformes,Tyrannidae,Tyrannus melancholicus / couchii,yes,Tropical/Couch's Kingbird,Tyrannus melancholicus/couchii,NA,Tyrannidae (Tyrant Flycatchers),Passeriformes,yes,Tyrannus melancholicus / couchii,unid. Tropical Kingbird / Couch's Kingbird,CONUS & Canada,Passeriformes,Tyrannidae,N/A; unidentified species,yes,yes
Tyrannus vociferans/verticalis,Cassin's/Western Kingbird; unid. Cassin's Kingbird/Western Kingbird,NA,NA,NA,NA,NA,NA,no,4447,unid. Cassin's Kingbird / Western Kingbird,Passeriformes,Tyrannidae,Tyrannus vociferans / verticalis,yes,Cassin's/Western Kingbird,Tyrannus vociferans/verticalis,NA,Tyrannidae (Tyrant Flycatchers),Passeriformes,yes,Tyrannus vociferans / verticalis,unid. Cassin's Kingbird / Western Kingbird,CONUS & Canada,Passeriformes,Tyrannidae,N/A; unidentified species,yes,yes
Uria lomvia/aalge; Uria aalge/lomvia,Thick-billed/Common Murre; unid. Common Murre/Thick-billed Murre,NA,NA,NA,NA,NA,NA,no,315,unid. Common Murre / Thick-billed Murre,Charadriiformes,Laridae,Uria aalge / lomvia,yes,Thick-billed/Common Murre,Uria lomvia/aalge,NA,"Alcidae (Auks, Murres, and Puffins)",Charadriiformes,yes,Uria aalge / lomvia,unid. Common Murre / Thick-billed Murre,CONUS & Canada,Charadriiformes,Laridae,N/A; unidentified species,yes,yes
Vermivora chrysoptera x cyanoptera,Golden-winged x Blue-winged Warbler (hybrid); Lawrence's Warbler (Golden-winged x Blue-winged),NA,NA,NA,NA,NA,NA,no,6413,Lawrence's Warbler (Golden-winged x Blue-winged),Passeriformes,Parulidae,Vermivora chrysoptera x cyanoptera,yes,Golden-winged x Blue-winged Warbler (hybrid),Vermivora chrysoptera x cyanoptera,NA,Parulidae (New World Warblers),Passeriformes,yes,Vermivora chrysoptera x cyanoptera,Lawrence's Warbler (Golden-winged x Blue-winged),CONUS & Canada,Passeriformes,Parulidae,N/A; hybrid species,yes,yes
Vermivora chrysoptera x cyanoptera (F1 hybrid); Vermivora cyanoptera x chrysoptera,Brewster's Warbler (hybrid); Brewster's Warbler (Golden-winged x Blue-winged),NA,NA,NA,NA,NA,NA,no,6412,Brewster's Warbler (Golden-winged x Blue-winged),Passeriformes,Parulidae,Vermivora cyanoptera x chrysoptera,yes,Brewster's Warbler (hybrid),Vermivora chrysoptera x cyanoptera (F1 hybrid),NA,Parulidae (New World Warblers),Passeriformes,yes,Vermivora cyanoptera x chrysoptera,Brewster's Warbler (Golden-winged x Blue-winged),CONUS & Canada,Passeriformes,Parulidae,N/A; hybrid species,yes,yes
Vireo cassinii/plumbeus; Vireo plumbeus/cassinii,Cassin's/Plumbeous Vireo; unid. Plumbeous Vireo/Cassin's Vireo,NA,NA,NA,NA,NA,NA,no,6296,unid. Plumbeous Vireo / Cassin's Vireo,Passeriformes,Vireonidae,Vireo plumbeus / cassinii,yes,Cassin's/Plumbeous Vireo,Vireo cassinii/plumbeus,NA,"Vireonidae (Vireos, Shrike-Babblers, and Erpornis)",Passeriformes,yes,Vireo plumbeus / cassinii,unid. Plumbeous Vireo / Cassin's Vireo,CONUS & Canada,Passeriformes,Vireonidae,N/A; unidentified species,yes,yes
Vireo cassinii/solitarius,Cassin's/Blue-headed Vireo; unid. Cassin's Vireo/Blue-headed Vireo,NA,NA,NA,NA,NA,NA,no,6295,unid. Cassin's Vireo / Blue-headed Vireo,Passeriformes,Vireonidae,Vireo cassinii / solitarius,yes,Cassin's/Blue-headed Vireo,Vireo cassinii/solitarius,NA,"Vireonidae (Vireos, Shrike-Babblers, and Erpornis)",Passeriformes,yes,Vireo cassinii / solitarius,unid. Cassin's Vireo / Blue-headed Vireo,CONUS & Canada,Passeriformes,Vireonidae,N/A; unidentified species,yes,yes
Zosterops japonicus,Warbling White-eye,Warbling White-eye,Zosterops japonicus,Introduced species,PASSERIFORMES,Zosteropidae,ASI; hol; NAM; nea; US48; UShi,yes,NA,NA,NA,NA,NA,no,Warbling White-eye,Zosterops japonicus,NA,"Zosteropidae (White-eyes, Yuhinas, and Allies)",Passeriformes,yes,NA,NA,NA,NA,NA,NA,no,yes
Corvus cryptoleucus/corax,unid. Chihuahuan Raven/Common Raven,NA,NA,NA,NA,NA,NA,no,4865,unid. Chihuahuan Raven / Common Raven,Passeriformes,Corvidae,Corvus cryptoleucus / corax,yes,NA,NA,NA,NA,NA,no,Corvus cryptoleucus / corax,unid. Chihuahuan Raven / Common Raven,CONUS & Canada,Passeriformes,Corvidae,N/A; unidentified species,yes,yes
Loxia curvirostra/leucoptera,unid. Red Crossbill/White-winged Crossbill,NA,NA,NA,NA,NA,NA,no,5225,unid. Red Crossbill / White-winged Crossbill,Passeriformes,Fringillidae,Loxia curvirostra / leucoptera,yes,NA,NA,NA,NA,NA,no,Loxia curvirostra / leucoptera,unid. Red Crossbill / White-winged Crossbill,CONUS & Canada,Passeriformes,Fringillidae,N/A; unidentified species,yes,yes
Nannopterum auritus/carbo,unid. Double-crested Cormorant/Great Cormorant,NA,NA,NA,NA,NA,NA,no,1206,unid. Double-crested Cormorant / Great Cormorant,Suliformes,Phalacrocoracidae,Nannopterum auritus / carbo,yes,NA,NA,NA,NA,NA,no,NA,NA,NA,NA,NA,NA,no,yes
Poecile atricapillus/hudsonicus,unid. Black-capped Chickadee/Boreal Chickadee,NA,NA,NA,NA,NA,NA,no,7354,unid. Black-capped Chickadee / Boreal Chickadee,Passeriformes,Paridae,Poecile atricapillus / hudsonicus,yes,NA,NA,NA,NA,NA,no,Poecile atricapillus / hudsonicus,unid. Black-capped Chickadee / Boreal Chickadee,CONUS & Canada,Passeriformes,Paridae,N/A; unidentified species,yes,yes
Polioptila caerulea/melanura,unid. Blue-gray/Black-tailed Gnatcatcher,NA,NA,NA,NA,NA,NA,no,7539,unid. Blue-gray / Black-tailed Gnatcatcher,Passeriformes,Polioptilidae,Polioptila caerulea / melanura,yes,NA,NA,NA,NA,NA,no,Polioptila caerulea / melanura,unid. Blue-gray / Black-tailed Gnatcatcher,CONUS & Canada,Passeriformes,Polioptilidae,N/A; unidentified species,yes,yes
Urile sp.,unid. west coast cormorant,NA,NA,NA,NA,NA,NA,no,1207,unid. west coast cormorant,Suliformes,Phalacrocoracidae,Urile sp.,yes,NA,NA,NA,NA,NA,no,Urile sp.,unid. west coast cormorant,CONUS & Canada,Suliformes,Phalacrocoracidae,N/A; unidentified species,yes,yes
